EURING,Scientific_Name,English_ioc,Clements_Common_Name,English_birdnet,French_ioc,French_birdnet,Spanish_ioc,Spanish_birdnet,Dutch_ioc,Dutch_birdnet,Norwegian_ioc,Norwegian_birdnet
20,Gavia stellata,Red-throated Loon,Red-throated Loon,Red-throated Diver,Plongeon catmarin,NA,Colimbo chico,NA,Roodkeelduiker,NA,smålom,NA
30,Gavia arctica,Black-throated Loon,Arctic Loon,Black-throated Diver,Plongeon arctique,NA,Colimbo ártico,NA,Parelduiker,NA,storlom,NA
40,Gavia immer,Common Loon,Common Loon,Great Northern Diver,Plongeon huard,NA,Colimbo grande,NA,IJsduiker,NA,islom,NA
50,Gavia adamsii,Yellow-billed Loon,Yellow-billed Loon,White-billed Diver,Plongeon à bec blanc,NA,Colimbo de Adams,NA,Geelsnavelduiker ,NA,gulnebblom,NA
70,Tachybaptus ruficollis,Little Grebe,Little Grebe,Little Grebe,Grèbe castagneux,NA,Zampullín común,NA,Dodaars,NA,dvergdykker,NA
90,Podiceps cristatus,Great Crested Grebe,Great Crested Grebe,Great Crested Grebe,Grèbe huppé,NA,Somormujo lavanco,NA,Fuut,NA,toppdykker,NA
100,Podiceps grisegena,Red-necked Grebe,Red-necked Grebe,Red-necked Grebe,Grèbe jougris,NA,Somormujo cuellirrojo,NA,Roodhalsfuut,NA,gråstrupedykker,NA
110,Podiceps auritus,Horned Grebe,Horned Grebe,Slavonian Grebe,Grèbe esclavon,NA,Zampullín cuellirrojo,NA,Kuifduiker,NA,horndykker,NA
120,Podiceps nigricollis,Black-necked Grebe,Eared Grebe,Black-necked Grebe,Grèbe à cou noir,NA,Zampullín cuellinegro,NA,Geoorde Fuut,NA,svarthalsdykker,NA
220,Fulmarus glacialis,Northern Fulmar,Northern Fulmar,Northern Fulmar,Fulmar boréal,NA,Fulmar boreal,NA,Noordse Stormvogel,NA,havhest,NA
430,Ardenna grisea,Sooty Shearwater,Sooty Shearwater,Sooty Shearwater,Puffin fuligineux,NA,Pardela sombría,NA,Grauwe Pijlstormvogel,NA,grålire,NA
461,Puffinus puffinus,Manx Shearwater,Manx Shearwater,Manx Shearwater,Puffin des Anglais,NA,Pardela pichoneta,NA,Noordse Pijlstormvogel,NA,havlire,NA
520,Hydrobates pelagicus,European Storm Petrel,European Storm-Petrel,European Storm-Petrel,Océanite tempête,NA,Paíño europeo,NA,Stormvogeltje ,NA,havsvale,NA
550,Hydrobates leucorhous,Leach's Storm Petrel,Leach's Storm-Petrel,Leach's Storm-Petrel,Océanite cul-blanc,NA,Paíño boreal,NA,Vaal Stormvogeltje,NA,stormsvale,NA
710,Morus bassanus,Northern Gannet,Northern Gannet,Northern Gannet,Fou de Bassan,NA,Alcatraz atlántico,NA,Jan-van-gent,NA,havsule,NA
720,Phalacrocorax carbo,Great Cormorant,Great Cormorant,Great Cormorant,Grand Cormoran,NA,Cormorán grande,NA,Aalscholver,NA,storskarv,NA
800,Gulosus aristotelis,European Shag,European Shag,NA,Cormoran huppé,NA,Cormorán moñudo,NA,Kuifaalscholver,NA,toppskarv,NA
950,Botaurus stellaris,Eurasian Bittern,Eurasian Bittern,Great Bittern,Butor étoilé,NA,Avetoro común,NA,Roerdomp,NA,rørdrum,NA
980,Botaurus minutus,Little Bittern,Little Bittern,NA,Blongios nain,NA,Avetorillo común,NA,Woudaap,NA,dvergrørdrum,NA
1040,Nycticorax nycticorax,Black-crowned Night Heron,Black-crowned Night Heron,Black-crowned Night Heron,Bihoreau gris,NA,Martinete común,NA,Kwak,NA,natthegre,NA
1110,Ardea ibis,Western Cattle Egret,Western Cattle-Egret,NA,Héron garde-bœufs,NA,Garcilla bueyera occidental,NA,Koereiger,NA,kuhegre,NA
1190,Egretta garzetta,Little Egret,Little Egret,Little Egret,Aigrette garzette,NA,Garceta común,NA,Kleine Zilverreiger,NA,silkehegre,NA
1210,Ardea alba,Great Egret,Great Egret,Great White Egret,Grande Aigrette,NA,Garceta grande,NA,Grote Zilverreiger,NA,egretthegre,NA
1220,Ardea cinerea,Grey Heron,Gray Heron,Grey Heron,Héron cendré,NA,Garza real,NA,Blauwe Reiger,NA,gråhegre,NA
1240,Ardea purpurea,Purple Heron,Purple Heron,Purple Heron,Héron pourpré,NA,Garza imperial,NA,Purperreiger,NA,purpurhegre,NA
1310,Ciconia nigra,Black Stork,Black Stork,Black Stork,Cigogne noire,NA,Cigüeña negra,NA,Zwarte Ooievaar,NA,svartstork,NA
1340,Ciconia ciconia,White Stork,White Stork,White Stork,Cigogne blanche,NA,Cigüeña blanca,NA,Ooievaar,NA,stork,NA
1360,Plegadis falcinellus,Glossy Ibis,Glossy Ibis,Glossy Ibis,Ibis falcinelle,NA,Morito común,NA,Zwarte Ibis,NA,bronseibis,NA
1440,Platalea leucorodia,Eurasian Spoonbill,Eurasian Spoonbill,Eurasian Spoonbill,Spatule blanche,NA,Espátula común,NA,Lepelaar,NA,skjestork,NA
1520,Cygnus olor,Mute Swan,Mute Swan,Mute Swan,Cygne tuberculé,NA,Cisne vulgar,NA,Knobbelzwaan,NA,knoppsvane,NA
1530,Cygnus columbianus,Tundra Swan,Tundra Swan,Bewick's Swan,Cygne siffleur,NA,Cisne chico,NA,Kleine Zwaan,NA,dvergsvane,NA
1540,Cygnus cygnus,Whooper Swan,Whooper Swan,Whooper Swan,Cygne chanteur,NA,Cisne cantor,NA,Wilde Zwaan,NA,sangsvane,NA
1574,Anser serrirostris,Tundra Bean Goose,Tundra Bean-Goose,Tundra Bean Goose,Oie de la toundra,NA,Ánsar campestre de la tundra,NA,Toendrarietgans,NA,tundrasædgås,NA
1575,Anser fabalis,Taiga Bean Goose,Taiga Bean-Goose,Taiga Bean Goose,Oie des moissons,NA,Ánsar campestre,Ánsar Campestre de la Taiga,Taigarietgans,NA,taigasædgås,sædgås
1580,Anser brachyrhynchus,Pink-footed Goose,Pink-footed Goose,Pink-footed Goose,Oie à bec court,NA,Ánsar piquicorto,NA,Kleine Rietgans,NA,kortnebbgås,NA
1590,Anser albifrons,Greater White-fronted Goose,Greater White-fronted Goose,Greater White-fronted Goose,Oie rieuse,NA,Ánsar careto,NA,Kolgans,NA,tundragås,NA
1600,Anser erythropus,Lesser White-fronted Goose,Lesser White-fronted Goose,Lesser White-fronted Goose,Oie naine,NA,Ánsar chico,NA,Dwerggans,NA,dverggås,NA
1610,Anser anser,Greylag Goose,Graylag Goose,Greylag Goose,Oie cendrée,NA,Ánsar común,NA,Grauwe Gans,NA,grågås,NA
1620,Anser indicus,Bar-headed Goose,Bar-headed Goose,Bar-headed Goose,Oie à tête barrée,NA,Ánsar indio,NA,Indische gans,NA,stripegås,NA
1660,Branta canadensis,Canada Goose,Canada Goose,Canada Goose,Bernache du Canada,NA,Barnacla canadiense grande,NA,Canadese gans,Grote Canadese Gans,kanadagås,NA
1670,Branta leucopsis,Barnacle Goose,Barnacle Goose,Barnacle Goose,Bernache nonnette,NA,Barnacla cariblanca,NA,Brandgans,NA,hvitkinngås,NA
1680,Branta bernicla,Brant Goose,Brant,Brent Goose,Bernache cravant,NA,Barnacla carinegra,NA,Rotgans,NA,ringgås,NA
1681,Branta bernicla bernicla,NA,NA,NA,NA,NA,NA,NA,Zwartbuikrotgans,NA,NA,NA
1682,Branta bernicla hrota,NA,NA,NA,NA,NA,NA,NA,Witbuikrotgans,NA,NA,NA
1690,Branta ruficollis,Red-breasted Goose,Red-breasted Goose,NA,Bernache à cou roux,NA,Barnacla cuelliroja,NA,Roodhalsgans,NA,rødhalsgås,NA
1710,Tadorna ferruginea,Ruddy Shelduck,Ruddy Shelduck,Ruddy Shelduck,Tadorne casarca,NA,Tarro canelo,NA,Casarca ,NA,rustand,NA
1730,Tadorna tadorna,Common Shelduck,Common Shelduck,Common Shelduck,Tadorne de Belon,NA,Tarro blanco,NA,Bergeend,NA,gravand,NA
1780,Aix galericulata,Mandarin Duck,Mandarin Duck,Mandarin Duck,Canard mandarin,NA,Pato mandarín,NA,Mandarijneend,NA,mandarinand,NA
1790,Mareca penelope,Eurasian Wigeon,Eurasian Wigeon,Eurasian Wigeon,Canard siffleur,NA,Silbón europeo,NA,Smient,NA,brunnakke,NA
1820,Mareca strepera,Gadwall,Gadwall,Gadwall,Canard chipeau,NA,Ánade friso,NA,Krakeend,NA,snadderand,NA
1840,Anas crecca,Eurasian Teal,Green-winged Teal,Eurasian/Green-winged Teal,Sarcelle d’hiver,NA,Cerceta común,NA,Wintertaling,NA,krikkand,NA
1860,Anas platyrhynchos,Mallard,Mallard,Mallard,Canard colvert,NA,Ánade azulón,NA,Wilde Eend,NA,stokkand,NA
1890,Anas acuta,Northern Pintail,Northern Pintail,Northern Pintail,Canard pilet,NA,Ánade rabudo norteño,Ánade Rabudo,Pijlstaart,NA,stjertand,NA
1910,Spatula querquedula,Garganey,Garganey,Garganey,Sarcelle d’été,NA,Cerceta carretona,NA,Zomertaling,NA,knekkand,NA
1940,Spatula clypeata,Northern Shoveler,Northern Shoveler,Northern Shoveler,Canard souchet,NA,Cuchara común,NA,Slobeend,NA,skjeand,NA
1960,Netta rufina,Red-crested Pochard,Red-crested Pochard,Red-crested Pochard,Nette rousse,NA,Pato colorado,NA,Krooneend,NA,rødhodeand,NA
1980,Aythya ferina,Common Pochard,Common Pochard,Common Pochard,Fuligule milouin,NA,Porrón europeo,NA,Tafeleend,NA,taffeland,NA
2020,Aythya nyroca,Ferruginous Duck,Ferruginous Duck,Ferruginous Duck,Fuligule nyroca,NA,Porrón pardo,NA,Witoogeend,NA,hvitøyeand,NA
2030,Aythya fuligula,Tufted Duck,Tufted Duck,Tufted Duck,Fuligule morillon,NA,Porrón moñudo,NA,Kuifeend,NA,toppand,NA
2040,Aythya marila,Greater Scaup,Greater Scaup,Greater Scaup,Fuligule milouinan,NA,Porrón bastardo,NA,Topper,NA,bergand,NA
2060,Somateria mollissima,Common Eider,Common Eider,Common Eider,Eider à duvet,NA,Éider común,NA,Eider,NA,ærfugl,NA
2070,Somateria spectabilis,King Eider,King Eider,King Eider,Eider à tête grise,NA,Éider real,NA,Koningseider ,NA,praktærfugl,NA
2090,Polysticta stelleri,Steller's Eider,Steller's Eider,NA,Eider de Steller,NA,Éider menor,NA,Stellers eider,NA,stellerand,NA
2110,Histrionicus histrionicus,Harlequin Duck,Harlequin Duck,Harlequin Duck,Arlequin plongeur,NA,Pato arlequín,NA,Harlekijneend ,NA,harlekinand,NA
2120,Clangula hyemalis,Long-tailed Duck,Long-tailed Duck,Long-tailed Duck,Harelde kakawi,NA,Pato havelda,NA,IJseend,NA,havelle,NA
2130,Melanitta nigra,Common Scoter,Common Scoter,Common Scoter,Macreuse noire,NA,Negrón común,NA,Zwarte Zee-eend,NA,svartand,NA
2150,Melanitta fusca,Velvet Scoter,Velvet Scoter,Velvet Scoter,Macreuse brune,NA,Negrón especulado,NA,Grote Zee-eend,NA,sjøorre,NA
2180,Bucephala clangula,Common Goldeneye,Common Goldeneye,Common Goldeneye,Garrot à œil d’or,NA,Porrón osculado,NA,Brilduiker,NA,kvinand,NA
2200,Mergellus albellus,Smew,Smew,Smew,Harle piette,NA,Serreta chica,NA,Nonnetje,NA,lappfiskand,NA
2210,Mergus serrator,Red-breasted Merganser,Red-breasted Merganser,Red-breasted Merganser,Harle huppé,NA,Serreta mediana,NA,Middelste Zaagbek,NA,siland,NA
2230,Mergus merganser,Common Merganser,Common Merganser,Goosander,Grand Harle,NA,Serreta grande,NA,Grote Zaagbek,NA,laksand,NA
2250,Oxyura jamaicensis,Ruddy Duck,Ruddy Duck,Ruddy Duck,Érismature rousse,NA,Malvasía canela,NA,Rosse Stekelstaart,NA,stivhaleand,NA
2310,Pernis apivorus,European Honey Buzzard,European Honey-buzzard,European Honey-buzzard,Bondrée apivore,NA,Abejero europeo,NA,Wespendief,NA,vepsevåk,NA
2380,Milvus migrans,Black Kite,Black Kite,Black Kite,Milan noir,NA,Milano negro,NA,Zwarte Wouw,NA,svartglente,NA
2390,Milvus milvus,Red Kite,Red Kite,Red Kite,Milan royal,NA,Milano real,NA,Rode Wouw,NA,rødglente,glente
2430,Haliaeetus albicilla,White-tailed Eagle,White-tailed Eagle,White-tailed Eagle,Pygargue à queue blanche,NA,Pigargo europeo,NA,Zeearend,NA,havørn,NA
2560,Circaetus gallicus,Short-toed Snake Eagle,Short-toed Snake-Eagle,Short-toed Eagle,Circaète Jean-le-Blanc,NA,Culebrera europea,NA,Slangenarend,NA,slangeørn,NA
2600,Circus aeruginosus,Western Marsh Harrier,Western Marsh Harrier,Western Marsh Harrier,Busard des roseaux,NA,Aguilucho lagunero occidental,NA,Bruine Kiekendief,NA,sivhauk,NA
2610,Circus cyaneus,Hen Harrier,Hen Harrier,Hen Harrier,Busard Saint-Martin,NA,Aguilucho pálido,NA,Blauwe Kiekendief,NA,myrhauk,NA
2620,Circus macrourus,Pallid Harrier,Pallid Harrier,Pallid Harrier,Busard pâle,NA,Aguilucho papialbo,NA,Steppekiekendief,NA,steppehauk,NA
2630,Circus pygargus,Montagu's Harrier,Montagu's Harrier,Montagu's Harrier,Busard cendré,NA,Aguilucho cenizo,NA,Grauwe Kiekendief,NA,enghauk,NA
2670,Astur gentilis,Eurasian Goshawk,Eurasian Goshawk,NA,Autour des palombes,NA,Azor común,NA,Havik,NA,hønsehauk,NA
2690,Accipiter nisus,Eurasian Sparrowhawk,Eurasian Sparrowhawk,Eurasian Sparrowhawk,Épervier d’Europe,NA,Gavilán común,NA,Sperwer,NA,spurvehauk,NA
2870,Buteo buteo,Common Buzzard,Common Buzzard,Common Buzzard,Buse variable,NA,Busardo ratonero,NA,Buizerd,NA,musvåk,NA
2900,Buteo lagopus,Rough-legged Buzzard,Rough-legged Hawk,Rough-legged Buzzard,Buse pattue,NA,Busardo calzado,NA,Ruigpootbuizerd,NA,fjellvåk,NA
2960,Aquila chrysaetos,Golden Eagle,Golden Eagle,Golden Eagle,Aigle royal,NA,Águila real,NA,Steenarend ,NA,kongeørn,NA
3010,Pandion haliaetus,Osprey,Osprey,Osprey,Balbuzard pêcheur,NA,Águila pescadora,NA,Visarend,NA,fiskeørn,NA
3040,Falco tinnunculus,Common Kestrel,Eurasian Kestrel,Common Kestrel,Faucon crécerelle,NA,Cernícalo vulgar,NA,Torenvalk,NA,tårnfalk,NA
3070,Falco vespertinus,Red-footed Falcon,Red-footed Falcon,Red-footed Falcon,Faucon kobez,NA,Cernícalo patirrojo,NA,Roodpootvalk ,NA,aftenfalk,NA
3090,Falco columbarius,Merlin,Merlin,Merlin,Faucon émerillon,NA,Esmerejón,NA,Smelleken,NA,dvergfalk,NA
3100,Falco subbuteo,Eurasian Hobby,Eurasian Hobby,Eurasian Hobby,Faucon hobereau,NA,Alcotán europeo,NA,Boomvalk,NA,lerkefalk,NA
3180,Falco rusticolus,Gyrfalcon,Gyrfalcon,Gyr Falcon,Faucon gerfaut,NA,Halcón gerifalte,NA,Giervalk ,NA,jaktfalk,NA
3200,Falco peregrinus,Peregrine Falcon,Peregrine Falcon,Peregrine Falcon,Faucon pèlerin,NA,Halcón peregrino,NA,Slechtvalk,NA,vandrefalk,NA
3260,Tetrastes bonasia,Hazel Grouse,Hazel Grouse,Hazel Grouse,Gélinotte des bois,NA,Grévol común,NA,Hazelhoen ,NA,jerpe,NA
3290,Lagopus lagopus,Willow Ptarmigan,Willow Ptarmigan,Red Grouse/Willow Grouse,Lagopède des saules,NA,Lagópodo común,NA,Moerassneeuwhoen,NA,lirype,NA
3300,Lagopus muta,Rock Ptarmigan,Rock Ptarmigan,Rock Ptarmigan,Lagopède alpin,NA,Lagópodo alpino,NA,Alpensneeuwhoen,NA,fjellrype,NA
3320,Lyrurus tetrix,Black Grouse,Black Grouse,Black Grouse,Tétras lyre,NA,Gallo lira común,NA,Korhoen,NA,orrfugl,NA
3350,Tetrao urogallus,Western Capercaillie,Western Capercaillie,Western Capercaillie,Grand Tétras,NA,Urogallo común,NA,Auerhoen ,NA,storfugl,NA
3670,Perdix perdix,Grey Partridge,Gray Partridge,Grey Partridge,Perdrix grise,NA,Perdiz pardilla,NA,Patrijs,NA,rapphøne,NA
3700,Coturnix coturnix,Common Quail,Common Quail,Common Quail,Caille des blés,NA,Codorniz común,NA,Kwartel,NA,vaktel,NA
3940,Phasianus colchicus,Common Pheasant,Ring-necked Pheasant,Common Pheasant,Faisan de Colchide,NA,Faisán vulgar,NA,Fazant,NA,fasan,NA
4070,Rallus aquaticus,Water Rail,Water Rail,Water Rail,Râle d’eau,NA,Rascón europeo,NA,Waterral,NA,vannrikse,NA
4080,Porzana porzana,Spotted Crake,Spotted Crake,Spotted Crake,Marouette ponctuée,NA,Polluela pintoja,NA,Porseleinhoen,NA,myrrikse,NA
4100,Zapornia parva,Little Crake,Little Crake,Little Crake,Marouette poussin,NA,Polluela bastarda,NA,Klein Waterhoen,NA,sumprikse,NA
4110,Zapornia pusilla,Baillon's Crake,Baillon's Crake,Baillon's Crake,Marouette de Baillon,NA,Polluela chica,NA,Kleinst Waterhoen,NA,dvergrikse,NA
4210,Crex crex,Corn Crake,Corn Crake,Corncrake,Râle des genêts,NA,Guión de codornices,NA,Kwartelkoning,NA,åkerrikse,NA
4240,Gallinula chloropus,Common Moorhen,Eurasian Moorhen,Common Moorhen,Gallinule poule-d’eau,NA,Gallineta común,NA,Waterhoen,NA,sivhøne,NA
4290,Fulica atra,Eurasian Coot,Eurasian Coot,Eurasian Coot,Foulque macroule,NA,Focha común,NA,Meerkoet,NA,sothøne,NA
4330,Grus grus,Common Crane,Common Crane,Common Crane,Grue cendrée,NA,Grulla común,NA,Kraanvogel,NA,trane,NA
4473,Phoenicopterus roseus,Greater Flamingo,Greater Flamingo,Greater Flamingo,Flamant rose,NA,Flamenco Común,NA,Flamingo,NA,,
4500,Haematopus ostralegus,Eurasian Oystercatcher,Eurasian Oystercatcher,Eurasian Oystercatcher,Huîtrier pie,NA,Ostrero euroasiático,NA,Scholekster,NA,tjeld,NA
4550,Himantopus himantopus,Black-winged Stilt,Black-winged Stilt,Black-winged Stilt,Échasse blanche,NA,Cigüeñuela común,NA,Steltkluut,NA,stylteløper,NA
4560,Recurvirostra avosetta,Pied Avocet,Pied Avocet,Pied Avocet,Avocette élégante,NA,Avoceta común,NA,Kluut,NA,avosett,NA
4590,Burhinus oedicnemus,Eurasian Stone-curlew,Eurasian Thick-knee,Stone-curlew,Œdicnème criard,NA,Alcaraván común,NA,Griel,NA,triel,NA
4690,Charadrius dubius,Little Ringed Plover,Little Ringed Plover,Little Ringed Plover,Pluvier petit-gravelot,NA,Chorlitejo chico,NA,Kleine Plevier,NA,dverglo,NA
4700,Charadrius hiaticula,Common Ringed Plover,Common Ringed Plover,Common Ringed Plover,Pluvier grand-gravelot,NA,Chorlitejo grande,NA,Bontbekplevier,NA,sandlo,NA
4770,Anarhynchus alexandrinus,Kentish Plover,Kentish Plover,NA,Pluvier à collier interrompu,NA,Chorlitejo patinegro,NA,Strandplevier,NA,hvitbrystlo,NA
4820,Eudromias morinellus,Eurasian Dotterel,Eurasian Dotterel,NA,Pluvier guignard,NA,Chorlito carambolo,NA,Morinelplevier,NA,boltit,NA
4850,Pluvialis apricaria,European Golden Plover,European Golden-Plover,European Golden Plover,Pluvier doré,NA,Chorlito dorado europeo,NA,Goudplevier,NA,heilo,NA
4860,Pluvialis squatarola,Grey Plover,Black-bellied Plover,Grey Plover,Pluvier argenté,NA,Chorlito gris,NA,Zilverplevier,NA,tundralo,NA
4930,Vanellus vanellus,Northern Lapwing,Northern Lapwing,Northern Lapwing,Vanneau huppé,NA,Avefría europea,NA,Kievit,NA,vipe,NA
4960,Calidris canutus,Red Knot,Red Knot,Red Knot,Bécasseau maubèche,NA,Correlimos gordo,NA,Kanoet,NA,polarsnipe,NA
4970,Calidris alba,Sanderling,Sanderling,Sanderling,Bécasseau sanderling,NA,Correlimos tridáctilo,NA,Drieteenstrandloper,NA,sandløper,NA
5010,Calidris minuta,Little Stint,Little Stint,Little Stint,Bécasseau minute,NA,Correlimos menudo,NA,Kleine Strandloper,NA,dvergsnipe,NA
5020,Calidris temminckii,Temminck's Stint,Temminck's Stint,Temminck's Stint,Bécasseau de Temminck,NA,Correlimos de Temminck,NA,Temmincks Strandloper,NA,temmincksnipe,NA
5090,Calidris ferruginea,Curlew Sandpiper,Curlew Sandpiper,Curlew Sandpiper,Bécasseau cocorli,NA,Correlimos zarapitín,NA,Krombekstrandloper,NA,tundrasnipe,NA
5100,Calidris maritima,Purple Sandpiper,Purple Sandpiper,Purple Sandpiper,Bécasseau violet,NA,Correlimos oscuro,NA,Paarse Strandloper,NA,fjæreplytt,NA
5120,Calidris alpina,Dunlin,Dunlin,Dunlin,Bécasseau variable,NA,Correlimos común,NA,Bonte Strandloper,NA,myrsnipe,NA
5140,Calidris falcinellus,Broad-billed Sandpiper,Broad-billed Sandpiper,Broad-billed Sandpiper,Bécasseau falcinelle,NA,Correlimos falcinelo,NA,Breedbekstrandloper,NA,fjellmyrløper,NA
5170,Calidris pugnax,Ruff,Ruff,Ruff,Combattant varié,NA,Combatiente,NA,Kemphaan,NA,brushane,NA
5180,Lymnocryptes minimus,Jack Snipe,Jack Snipe,Jack Snipe,Bécassine sourde,NA,Agachadiza chica,NA,Bokje,NA,kvartbekkasin,NA
5190,Gallinago gallinago,Common Snipe,Common Snipe,Common Snipe,Bécassine des marais,NA,Agachadiza común,NA,Watersnip,NA,enkeltbekkasin,NA
5200,Gallinago media,Great Snipe,Great Snipe,Great Snipe,Bécassine double,NA,Agachadiza real,NA,Poelsnip ,NA,dobbeltbekkasin,NA
5290,Scolopax rusticola,Eurasian Woodcock,Eurasian Woodcock,Eurasian Woodcock,Bécasse des bois,NA,Chocha perdiz,NA,Houtsnip,NA,rugde,NA
5320,Limosa limosa,Black-tailed Godwit,Black-tailed Godwit,Black-tailed Godwit,Barge à queue noire,NA,Aguja colinegra,NA,Grutto,NA,svarthalespove,NA
5340,Limosa lapponica,Bar-tailed Godwit,Bar-tailed Godwit,Bar-tailed Godwit,Barge rousse,NA,Aguja colipinta,NA,Rosse Grutto,NA,lappspove,NA
5380,Numenius phaeopus,Eurasian Whimbrel,Whimbrel,Whimbrel,Courlis corlieu,NA,Zarapito trinador,NA,Regenwulp,NA,småspove,NA
5410,Numenius arquata,Eurasian Curlew,Eurasian Curlew,Eurasian Curlew,Courlis cendré,NA,Zarapito real,NA,Wulp,NA,storspove,NA
5450,Tringa erythropus,Spotted Redshank,Spotted Redshank,Spotted Redshank,Chevalier arlequin,NA,Archibebe oscuro,NA,Zwarte Ruiter,NA,sotsnipe,NA
5460,Tringa totanus,Common Redshank,Common Redshank,Common Redshank,Chevalier gambette,NA,Archibebe común,NA,Tureluur,NA,rødstilk,NA
5470,Tringa stagnatilis,Marsh Sandpiper,Marsh Sandpiper,Marsh Sandpiper,Chevalier stagnatile,NA,Archibebe fino,NA,Poelruiter ,NA,damsnipe,NA
5480,Tringa nebularia,Common Greenshank,Common Greenshank,Common Greenshank,Chevalier aboyeur,NA,Archibebe claro,NA,Groenpootruiter,NA,gluttsnipe,NA
5530,Tringa ochropus,Green Sandpiper,Green Sandpiper,Green Sandpiper,Chevalier cul-blanc,NA,Andarríos grande,NA,Witgat,NA,skogsnipe,NA
5540,Tringa glareola,Wood Sandpiper,Wood Sandpiper,Wood Sandpiper,Chevalier sylvain,NA,Andarríos bastardo,NA,Bosruiter,NA,grønnstilk,NA
5550,Xenus cinereus,Terek Sandpiper,Terek Sandpiper,Terek Sandpiper,Chevalier bargette,NA,Andarríos del Terek,NA,Terekruiter,NA,tereksnipe,NA
5560,Actitis hypoleucos,Common Sandpiper,Common Sandpiper,Common Sandpiper,Chevalier guignette,NA,Andarríos chico,NA,Oeverloper,NA,strandsnipe,NA
5610,Arenaria interpres,Ruddy Turnstone,Ruddy Turnstone,Ruddy Turnstone,Tournepierre à collier,NA,Vuelvepiedras común,NA,Steenloper,NA,steinvender,NA
5640,Phalaropus lobatus,Red-necked Phalarope,Red-necked Phalarope,Red-necked Phalarope,Phalarope à bec étroit,NA,Falaropo picofino,NA,Grauwe Franjepoot,NA,svømmesnipe,NA
5650,Phalaropus fulicarius,Red Phalarope,Red Phalarope,Grey Phalarope,Phalarope à bec large,NA,Falaropo picogrueso,NA,Rosse franjepoot,NA,polarsvømmesnipe,NA
5660,Stercorarius pomarinus,Pomarine Jaeger,Pomarine Jaeger,Pomarine Skua,Labbe pomarin,NA,Págalo pomarino,NA,Middelste Jager,NA,polarjo,NA
5670,Stercorarius parasiticus,Parasitic Jaeger,Parasitic Jaeger,Arctic Skua,Labbe parasite,NA,Págalo parásito,NA,Kleine Jager,NA,tyvjo,NA
5680,Stercorarius longicaudus,Long-tailed Jaeger,Long-tailed Jaeger,Long-tailed Skua,Labbe à longue queue,NA,Págalo rabero,NA,Kleinste Jager,NA,fjelljo,NA
5690,Stercorarius skua,Great Skua,Great Skua,Great Skua,Grand Labbe,NA,Págalo grande,NA,Grote Jager,NA,storjo,NA
5750,Ichthyaetus melanocephalus,Mediterranean Gull,Mediterranean Gull,Mediterranean Gull,Mouette mélanocéphale,NA,Gaviota cabecinegra,NA,Zwartkopmeeuw,NA,svartehavsmåke,NA
5780,Hydrocoloeus minutus,Little Gull,Little Gull,Little Gull,Mouette pygmée,NA,Gaviota enana,NA,Dwergmeeuw,NA,dvergmåke,NA
5790,Xema sabini,Sabine's Gull,Sabine's Gull,Sabine's Gull,Mouette de Sabine,NA,Gaviota de Sabine,NA,Vorkstaartmeeuw ,NA,sabinemåke,NA
5820,Chroicocephalus ridibundus,Black-headed Gull,Black-headed Gull,Black-headed Gull,Mouette rieuse,NA,Gaviota reidora,NA,Kokmeeuw,NA,hettemåke,NA
5900,Larus canus,Common Gull,Common Gull,Common Gull,Goéland cendré,NA,Gaviota cana,NA,Stormmeeuw,NA,fiskemåke,NA
5910,Larus fuscus,Lesser Black-backed Gull,Lesser Black-backed Gull,Lesser Black-backed Gull,Goéland brun,NA,Gaviota sombría,NA,Kleine Mantelmeeuw,NA,sildemåke,NA
5926,Larus michahellis,Yellow-legged Gull,Yellow-legged Gull,Yellow-legged Gull,Goéland leucophée,NA,Gaviota patiamarilla,NA,Geelpootmeeuw,NA,gulbeinmåke,NA
5927,Larus cachinnans,Caspian Gull,Caspian Gull,Caspian Gull,Goéland pontique,NA,Gaviota del Caspio,NA,Pontische Meeuw,NA,kaspimåke,NA
5980,Larus glaucoides,Iceland Gull,Iceland Gull,Iceland Gull,Goéland arctique,NA,Gaviota groenlandesa,NA,Kleine Burgemeester,NA,grønlandsmåke,NA
5990,Larus hyperboreus,Glaucous Gull,Glaucous Gull,Glaucous Gull,Goéland bourgmestre,NA,Gavión hiperbóreo,NA,Grote Burgemeester,NA,polarmåke,NA
6000,Larus marinus,Great Black-backed Gull,Great Black-backed Gull,Great Black-backed Gull,Goéland marin,NA,Gavión atlántico,NA,Grote mantelmeeuw,NA,svartbak,NA
6010,Rhodostethia rosea,Ross's Gull,Ross's Gull,Ross's Gull,Mouette rosée,NA,Gaviota rosada,NA,Ross' Meeuw,NA,rosenmåke,NA
6020,Rissa tridactyla,Black-legged Kittiwake,Black-legged Kittiwake,Black-legged Kittiwake,Mouette tridactyle,NA,Gaviota tridáctila,NA,Drieteenmeeuw,NA,krykkje,NA
6040,Pagophila eburnea,Ivory Gull,Ivory Gull,NA,Mouette blanche,NA,Gaviota marfileña,NA,Ivoormeeuw ,NA,ismåke,NA
6050,Gelochelidon nilotica,Gull-billed Tern,Gull-billed Tern,Gull-billed Tern,Sterne hansel,NA,Pagaza piconegra,NA,Lachstern,NA,sandterne,NA
6060,Hydroprogne caspia,Caspian Tern,Caspian Tern,Caspian Tern,Sterne caspienne,NA,Pagaza piquirroja,NA,Reuzenstern,NA,rovterne,NA
6110,Thalasseus sandvicensis,Sandwich Tern,Sandwich Tern,Sandwich Tern,Sterne caugek,NA,Charrán patinegro,NA,Grote Stern,NA,splitterne,NA
6150,Sterna hirundo,Common Tern,Common Tern,Common Tern,Sterne pierregarin,NA,Charrán común,NA,Visdief,NA,makrellterne,NA
6160,Sterna paradisaea,Arctic Tern,Arctic Tern,Arctic Tern,Sterne arctique,NA,Charrán ártico,NA,Noordse Stern,NA,rødnebbterne,NA
6240,Sternula albifrons,Little Tern,Little Tern,Little Tern,Sterne naine,NA,Charrancito común,NA,Dwergstern,NA,dvergterne,NA
6260,Chlidonias hybrida,Whiskered Tern,Whiskered Tern,Whiskered Tern,Guifette moustac,NA,Fumarel cariblanco,NA,Witwangstern,NA,hvitkinnsvartterne,NA
6270,Chlidonias niger,Black Tern,Black Tern,Black Tern,Guifette noire,NA,Fumarel común,NA,Zwarte Stern,NA,svartterne,NA
6280,Chlidonias leucopterus,White-winged Tern,White-winged Tern,White-winged Black Tern,Guifette leucoptère,NA,Fumarel aliblanco,NA,Witvleugelstern,NA,hvitvingesvartterne,NA
6340,Uria aalge,Common Murre,Common Murre,Common Guillemot,Guillemot marmette,NA,Arao común,NA,Zeekoet,NA,lomvi,NA
6350,Uria lomvia,Thick-billed Murre,Thick-billed Murre,Brünnich's Guillemot,Guillemot de Brünnich,NA,Arao de Brünnich,NA,Kortbekzeekoet ,NA,polarlomvi,NA
6360,Alca torda,Razorbill,Razorbill,Razorbill,Petit Pingouin,NA,Alca común,NA,Alk,NA,alke,NA
6380,Cepphus grylle,Black Guillemot,Black Guillemot,Black Guillemot,Guillemot à miroir,NA,Arao aliblanco,NA,Zwarte Zeekoet,NA,teist,NA
6470,Alle alle,Little Auk,Dovekie,NA,Mergule nain,NA,Mérgulo atlántico,NA,Kleine Alk,NA,alkekonge,NA
6540,Fratercula arctica,Atlantic Puffin,Atlantic Puffin,Atlantic Puffin,Macareux moine,NA,Frailecillo atlántico,NA,Papegaaiduiker,NA,lunde,NA
6650,Columba livia,Rock Dove,Rock Pigeon,Rock Dove,Pigeon biset,NA,Paloma bravía,NA,Rotsduif ,NA,klippedue,NA
6680,Columba oenas,Stock Dove,Stock Dove,Stock Dove,Pigeon colombin,NA,Paloma zurita,NA,Holenduif,NA,skogdue,NA
6700,Columba palumbus,Common Wood Pigeon,Common Wood-Pigeon,Common Woodpigeon,Pigeon ramier,NA,Paloma torcaz,NA,Houtduif,NA,ringdue,NA
6840,Streptopelia decaocto,Eurasian Collared Dove,Eurasian Collared-Dove,Collared Dove,Tourterelle turque,NA,Tórtola turca,NA,Turkse Tortel,NA,tyrkerdue,NA
6870,Streptopelia turtur,European Turtle Dove,European Turtle-Dove,European Turtle Dove,Tourterelle des bois,NA,Tórtola europea,NA,Zomertortel,NA,turteldue,NA
7240,Cuculus canorus,Common Cuckoo,Common Cuckoo,Common Cuckoo,Coucou gris,NA,Cuco común,NA,Koekoek,NA,gjøk,NA
7350,Tyto alba,Western Barn Owl,Western Barn Owl,Barn Owl,Effraie des clochers,NA,Lechuza común,NA,Kerkuil,NA,tårnugle,NA
7390,Otus scops,Eurasian Scops Owl,Eurasian Scops-Owl,Eurasian Scops Owl,Petit-duc scops,NA,Autillo europeo,NA,Dwergooruil,NA,dverghornugle,NA
7440,Bubo bubo,Eurasian Eagle-Owl,Eurasian Eagle-Owl,Eurasian Eagle Owl,Grand-duc d’Europe,NA,Búho real,NA,Oehoe,NA,hubro,NA
7490,Bubo scandiacus,Snowy Owl,Snowy Owl,Snowy Owl,Harfang des neiges,NA,Búho nival,NA,Sneeuwuil ,NA,snøugle,NA
7500,Surnia ulula,Northern Hawk-Owl,Northern Hawk Owl,Northern Hawk Owl,Chouette épervière,Épervière boréale,Cárabo gavilán,Lechuza Gavilana,Sperweruil ,NA,haukugle,NA
7510,Glaucidium passerinum,Eurasian Pygmy Owl,Eurasian Pygmy-Owl,Eurasian Pygmy-Owl,Chevêchette d’Europe,NA,Mochuelo alpino,Mochuelo Chico,Dwerguil,NA,spurveugle,NA
7570,Athene noctua,Little Owl,Little Owl,Little Owl,Chevêche d’Athéna,NA,Mochuelo europeo,NA,Steenuil,NA,kirkeugle,NA
7610,Strix aluco,Tawny Owl,Tawny Owl,Tawny Owl,Chouette hulotte,NA,Cárabo común,NA,Bosuil,NA,kattugle,NA
7650,Strix uralensis,Ural Owl,Ural Owl,Ural Owl,Chouette de l’Oural,NA,Cárabo uralense,NA,Oeraluil,NA,slagugle,NA
7660,Strix nebulosa,Great Grey Owl,Great Gray Owl,Great Grey Owl,Chouette lapone,NA,Cárabo lapón,NA,Laplanduil ,NA,lappugle,NA
7670,Asio otus,Long-eared Owl,Long-eared Owl,Long-eared Owl,Hibou moyen-duc,NA,Búho chico,NA,Ransuil,NA,hornugle,NA
7680,Asio flammeus,Short-eared Owl,Short-eared Owl,Short-eared Owl,Hibou des marais,NA,Búho campestre,NA,Velduil,NA,jordugle,NA
7700,Aegolius funereus,Boreal Owl,Boreal Owl,Tengmalm's Owl,Nyctale de Tengmalm,NA,Mochuelo boreal,NA,Ruigpootuil,NA,perleugle,NA
7780,Caprimulgus europaeus,European Nightjar,Eurasian Nightjar,Eurasian Nightjar,Engoulevent d’Europe,NA,Chotacabras europeo,NA,Nachtzwaluw,NA,nattravn,NA
7790,Caprimulgus ruficollis,Red-necked Nightjar,Red-necked Nightjar,Red-necked Nightjar,Engoulevent à collier roux,NA,Chotacabras cuellirrojo,NA,Moorse nachtzwaluw,NA,rødhalsnattravn,NA
7950,Apus apus,Common Swift,Common Swift,Common Swift,Martinet noir,NA,Vencejo común,NA,Gierzwaluw,NA,tårnseiler,NA
8310,Alcedo atthis,Common Kingfisher,Common Kingfisher,Common Kingfisher,Martin-pêcheur d’Europe,NA,Martín pescador común,NA,IJsvogel,NA,isfugl,NA
8400,Merops apiaster,European Bee-eater,European Bee-eater,European Bee-eater,Guêpier d’Europe,NA,Abejaruco europeo,NA,Bijeneter,NA,bieter,NA
8460,Upupa epops,Eurasian Hoopoe,Eurasian Hoopoe,Eurasian Hoopoe,Huppe fasciée,NA,Abubilla común,NA,Hop,NA,hærfugl,NA
8480,Jynx torquilla,Eurasian Wryneck,Eurasian Wryneck,Eurasian Wryneck,Torcol fourmilier,NA,Torcecuello euroasiático,NA,Draaihals,NA,vendehals,NA
8550,Picus canus,Grey-headed Woodpecker,Gray-headed Woodpecker,Grey-headed Woodpecker,Pic cendré,NA,Pito cano,NA,Grijskopspecht,NA,gråspett,NA
8560,Picus viridis,European Green Woodpecker,Eurasian Green Woodpecker,Eurasian Green Woodpecker,Pic vert,NA,Pito real euroasiático,Pito Euroasiático,Groene Specht,NA,grønnspett,NA
8630,Dryocopus martius,Black Woodpecker,Black Woodpecker,Black Woodpecker,Pic noir,NA,Picamaderos negro,NA,Zwarte Specht,NA,svartspett,NA
8760,Dendrocopos major,Great Spotted Woodpecker,Great Spotted Woodpecker,Great Spotted Woodpecker,Pic épeiche,NA,Pico picapinos,NA,Grote Bonte Specht,NA,flaggspett,NA
8780,Dendrocopos syriacus,Syrian Woodpecker,Syrian Woodpecker,Syrian Woodpecker,Pic syriaque,NA,Pico sirio,NA,Syrische bonte specht,NA,syriaspett,NA
8830,Dendrocoptes medius,Middle Spotted Woodpecker,Middle Spotted Woodpecker,Middle Spotted Woodpecker,Pic mar,NA,Pico mediano,NA,Middelste Bonte Specht,NA,mellomspett,NA
8840,Dendrocopos leucotos,White-backed Woodpecker,White-backed Woodpecker,White-backed Woodpecker,Pic à dos blanc,NA,Pico dorsiblanco,NA,Witrugspecht ,NA,hvitryggspett,NA
8870,Dryobates minor,Lesser Spotted Woodpecker,Lesser Spotted Woodpecker,Lesser Spotted Woodpecker,Pic épeichette,NA,Pico menor,NA,Kleine Bonte Specht,NA,dvergspett,NA
8980,Picoides tridactylus,Eurasian Three-toed Woodpecker,Eurasian Three-toed Woodpecker,Eurasian Three-toed Woodpecker,Pic tridactyle,NA,Pico tridáctilo,Pico Tridáctilo Euroasiático,Drieteenspecht ,NA,tretåspett,NA
9610,Melanocorypha calandra,Calandra Lark,Calandra Lark,Calandra Lark,Alouette calandre,NA,Calandria común,NA,Kalanderleeuwerik,NA,kalanderlerke,NA
9680,Calandrella brachydactyla,Greater Short-toed Lark,Greater Short-toed Lark,Greater Short-toed Lark,Alouette calandrelle,NA,Terrera común,NA,Kortteenleeuwerik,NA,dverglerke,NA
9720,Galerida cristata,Crested Lark,Crested Lark,Crested Lark,Cochevis huppé,NA,Cogujada común,NA,Kuifleeuwerik,Crested/Maghreb Lark,topplerke,NA
9730,Galerida theklae,Thekla's Lark,Thekla's Lark,Thekla's Lark,Cochevis de Thékla,NA,Cogujada montesina,NA,Thekla's Leeuwerik,Theklaleeuwerik,krattopplerke,NA
9740,Lullula arborea,Woodlark,Wood Lark,Woodlark,Alouette lulu,NA,Alondra totovía,NA,Boomleeuwerik,NA,trelerke,NA
9760,Alauda arvensis,Eurasian Skylark,Eurasian Skylark,Eurasian Skylark,Alouette des champs,NA,Alondra común,NA,Veldleeuwerik,NA,sanglerke,NA
9780,Eremophila alpestris,Horned Lark,Horned Lark,Shore Lark,Alouette hausse-col,NA,Alondra cornuda,NA,Strandleeuwerik,NA,fjellerke,NA
9810,Riparia riparia,Sand Martin,Bank Swallow,Sand Martin,Hirondelle de rivage,NA,Avión zapador,NA,Oeverzwaluw,NA,sandsvale,NA
9920,Hirundo rustica,Barn Swallow,Barn Swallow,Barn Swallow,Hirondelle rustique,NA,Golondrina común,NA,Boerenzwaluw,NA,låvesvale,NA
10010,Delichon urbicum,Western House Martin,Western House-Martin,Western House Martin,Hirondelle de fenêtre,NA,Avión común occidental,Avión Común,Huiszwaluw,NA,taksvale,NA
10020,Anthus richardi,Richard's Pipit,Richard's Pipit,Richard's Pipit,Pipit de Richard,NA,Bisbita de Richard,NA,Grote Pieper,NA,tartarpiplerke,NA
10050,Anthus campestris,Tawny Pipit,Tawny Pipit,Tawny Pipit,Pipit rousseline,NA,Bisbita campestre,NA,Duinpieper,NA,markpiplerke,NA
10090,Anthus trivialis,Tree Pipit,Tree Pipit,Tree Pipit,Pipit des arbres,NA,Bisbita arbóreo,NA,Boompieper,NA,trepiplerke,NA
10110,Anthus pratensis,Meadow Pipit,Meadow Pipit,Meadow Pipit,Pipit farlouse,NA,Bisbita pratense,NA,Graspieper,NA,heipiplerke,NA
10120,Anthus cervinus,Red-throated Pipit,Red-throated Pipit,Red-throated Pipit,Pipit à gorge rousse,NA,Bisbita gorjirrojo,NA,Roodkeelpieper,NA,lappiplerke,NA
10141,Anthus spinoletta,Water Pipit,Water Pipit,Water Pipit,Pipit spioncelle,NA,Bisbita alpino,NA,Waterpieper,NA,vannpiplerke,NA
10145,Anthus petrosus,European Rock Pipit,Rock Pipit,Rock Pipit,Pipit maritime,NA,Bisbita costero,NA,Oeverpieper,NA,skjærpiplerke,NA
10170,Motacilla flava,Western Yellow Wagtail,Western Yellow Wagtail,Western Yellow Wagtail,Bergeronnette printanière,NA,Lavandera boyera,NA,Gele Kwikstaart,NA,gulerle,NA
10172,Motacilla flava flavissima,NA,NA,NA,NA,NA,NA,NA,Engelse Kwikstaart,NA,NA,NA
10180,Motacilla citreola,Citrine Wagtail,Citrine Wagtail,Citrine Wagtail,Bergeronnette citrine,NA,Lavandera cetrina,NA,Citroenkwikstaart,NA,sitronerle,NA
10190,Motacilla cinerea,Grey Wagtail,Gray Wagtail,Grey Wagtail,Bergeronnette des ruisseaux,NA,Lavandera cascadeña,NA,Grote Gele Kwikstaart,NA,vintererle,NA
10200,Motacilla alba,White Wagtail,White Wagtail,Pied Wagtail/White Wagtail,Bergeronnette grise,NA,Lavandera blanca,NA,Witte Kwikstaart,NA,linerle,NA
10202,Motacilla alba yarrellii,NA,NA,NA,NA,NA,NA,NA,Rouwkwikstaart,NA,NA,NA
10480,Bombycilla garrulus,Bohemian Waxwing,Bohemian Waxwing,Bohemian Waxwing,Jaseur boréal,NA,Ampelis europeo,NA,Pestvogel,NA,sidensvans,NA
10500,Cinclus cinclus,White-throated Dipper,White-throated Dipper,White-throated Dipper,Cincle plongeur,NA,Mirlo acuático europeo,NA,Zwartbuikwaterspreeuw,Waterspreeuw,fossekall,NA
10660,Troglodytes troglodytes,Eurasian Wren,Eurasian Wren,Eurasian Wren,Troglodyte mignon,NA,Chochín paleártico,NA,Winterkoning,NA,gjerdesmett,NA
10840,Prunella modularis,Dunnock,Dunnock,Dunnock,Accenteur mouchet,NA,Acentor común,NA,Heggenmus,NA,jernspurv,NA
10990,Erithacus rubecula,European Robin,European Robin,European Robin,Rougegorge familier,NA,Petirrojo europeo,NA,Roodborst,NA,rødstrupe,NA
11030,Luscinia luscinia,Thrush Nightingale,Thrush Nightingale,Thrush Nightingale,Rossignol progné,NA,Ruiseñor ruso,NA,Noordse nachtegaal,NA,nattergal,NA
11040,Luscinia megarhynchos,Common Nightingale,Common Nightingale,Common Nightingale,Rossignol philomèle,NA,Ruiseñor común,NA,Nachtegaal,NA,sørnattergal,NA
11060,Luscinia svecica,Bluethroat,Bluethroat,Bluethroat,Gorgebleue à miroir,NA,Ruiseñor pechiazul,NA,Blauwborst,NA,blåstrupe,NA
11130,Tarsiger cyanurus,Red-flanked Bluetail,Red-flanked Bluetail,Red-flanked Bluetail,Robin à flancs roux,NA,Ruiseñor coliazul,NA,Blauwstaart ,NA,blåstjert,NA
11210,Phoenicurus ochruros,Black Redstart,Black Redstart,Black Redstart,Rougequeue noir,NA,Colirrojo tizón,NA,Zwarte Roodstaart,NA,svartrødstjert,NA
11220,Phoenicurus phoenicurus,Common Redstart,Common Redstart,Common Redstart,Rougequeue à front blanc,NA,Colirrojo real,NA,Gekraagde Roodstaart,NA,rødstjert,NA
11370,Saxicola rubetra,Whinchat,Whinchat,Whinchat,Tarier des prés,NA,Tarabilla norteña,NA,Paapje,NA,buskskvett,NA
11397,Saxicola rubicola,European Stonechat,European Stonechat,European Stonechat,Tarier pâtre,NA,Tarabilla europea,NA,Roodborsttapuit,NA,svartstrupe,NA
11460,Oenanthe oenanthe,Northern Wheatear,Northern Wheatear,Northern Wheatear,Traquet motteux,NA,Collalba gris,NA,Tapuit,NA,steinskvett,NA
11481,Oenanthe hispanica,Western Black-eared Wheatear,Western Black-eared Wheatear,Western Black-eared Wheatear,Traquet oreillard,NA,Collalba rubia occidental,NA,Westelijke Blonde Tapuit,NA,punersteinskvett,middelhavssteinskvett
11860,Turdus torquatus,Ring Ouzel,Ring Ouzel,Ring Ouzel,Merle à plastron,NA,Mirlo capiblanco,NA,Beflijster,NA,ringtrost,NA
11870,Turdus merula,Common Blackbird,Eurasian Blackbird,Eurasian Blackbird,Merle noir,NA,Mirlo común,NA,Merel,NA,svarttrost,NA
11980,Turdus pilaris,Fieldfare,Fieldfare,Fieldfare,Grive litorne,NA,Zorzal real,NA,Kramsvogel,NA,gråtrost,NA
12000,Turdus philomelos,Song Thrush,Song Thrush,Song Thrush,Grive musicienne,NA,Zorzal común,NA,Zanglijster,NA,måltrost,NA
12010,Turdus iliacus,Redwing,Redwing,Redwing,Grive mauvis,NA,Zorzal alirrojo,NA,Koperwiek,NA,rødvingetrost,NA
12020,Turdus viscivorus,Mistle Thrush,Mistle Thrush,Mistle Thrush,Grive draine,NA,Zorzal charlo,NA,Grote Lijster,NA,duetrost,NA
12200,Cettia cetti,Cetti's Warbler,Cetti's Warbler,Cetti's Warbler,Bouscarle de Cetti,NA,Cetia ruiseñor,NA,Cetti's Zanger,NA,cettisanger,NA
12260,Cisticola juncidis,Zitting Cisticola,Zitting Cisticola,Zitting Cisticola,Cisticole des joncs,NA,Cistícola buitrón,NA,Graszanger,NA,cistussanger,NA
12360,Locustella naevia,Common Grasshopper Warbler,Common Grasshopper Warbler,Common Grasshopper Warbler,Locustelle tachetée,NA,Buscarla pintoja,NA,Sprinkhaanzanger,NA,gresshoppesanger,NA
12370,Locustella fluviatilis,River Warbler,River Warbler,River Warbler,Locustelle fluviatile,NA,Buscarla fluvial,NA,Krekelzanger ,NA,elvesanger,NA
12380,Locustella luscinioides,Savi's Warbler,Savi's Warbler,Savi's Warbler,Locustelle luscinioïde,NA,Buscarla unicolor,NA,Snor,NA,sumpsanger,NA
12420,Acrocephalus paludicola,Aquatic Warbler,Aquatic Warbler,Aquatic Warbler,Phragmite aquatique,NA,Carricerín cejudo,NA,Waterrietzanger,NA,vannsanger,NA
12430,Acrocephalus schoenobaenus,Sedge Warbler,Sedge Warbler,Sedge Warbler,Phragmite des joncs,NA,Carricerín común,NA,Rietzanger,NA,sivsanger,NA
12480,Acrocephalus dumetorum,Blyth's Reed Warbler,Blyth's Reed Warbler,Blyth's Reed Warbler,Rousserolle des buissons,NA,Carricero de Blyth,NA,Struikrietzanger ,NA,busksanger,NA
12500,Acrocephalus palustris,Marsh Warbler,Marsh Warbler,Marsh Warbler,Rousserolle verderolle,NA,Carricero políglota,NA,Bosrietzanger,NA,myrsanger,NA
12510,Acrocephalus scirpaceus,Common Reed Warbler,Common Reed Warbler,Common Reed Warbler,Rousserolle effarvatte,NA,Carricero común,NA,Kleine Karekiet,NA,rørsanger,NA
12530,Acrocephalus arundinaceus,Great Reed Warbler,Great Reed Warbler,Great Reed Warbler,Rousserolle turdoïde,NA,Carricero tordal,NA,Grote Karekiet,NA,trostesanger,NA
12590,Hippolais icterina,Icterine Warbler,Icterine Warbler,Icterine Warbler,Hypolaïs ictérine,NA,Zarcero icterino,NA,Spotvogel,NA,gulsanger,NA
12600,Hippolais polyglotta,Melodious Warbler,Melodious Warbler,Melodious Warbler,Hypolaïs polyglotte,NA,Zarcero políglota,NA,Orpheusspotvogel,NA,spottesanger,NA
12620,Curruca undata,Dartford Warbler,Dartford Warbler,Dartford Warbler,Fauvette pitchou,NA,Curruca rabilarga,NA,Provençaalse grasmus,NA,vinsanger,NA
12656,Curruca cantillans,Eastern Subalpine Warbler,Eastern Subalpine Warbler,NA,Fauvette des Balkans,NA,Curruca carrasqueña oriental,NA,Balkanbaardgrasmus ,NA,rødsmekkesanger,NA
12670,Curruca melanocephala,Sardinian Warbler,Sardinian Warbler,Sardinian Warbler,Fauvette mélanocéphale,NA,Curruca cabecinegra,NA,Kleine zwartkop,NA,svarthodesanger,NA
12721,Curruca hortensis,Western Orphean Warbler,Western Orphean Warbler,Western Orphean Warbler,Fauvette orphée,NA,Curruca mirlona occidental,NA,Westelijke orpheusgrasmus,NA,punersanger,NA
12730,Curruca nisoria,Barred Warbler,Barred Warbler,Barred Warbler,Fauvette épervière,NA,Curruca gavilana,NA,Sperwergrasmus,NA,hauksanger,NA
12740,Curruca curruca,Lesser Whitethroat,Lesser Whitethroat,Lesser Whitethroat,Fauvette babillarde,NA,Curruca zarcerilla,NA,Braamsluiper,NA,møller,NA
12750,Curruca communis,Common Whitethroat,Greater Whitethroat,Common Whitethroat,Fauvette grisette,NA,Curruca zarcera,NA,Grasmus,NA,tornsanger,NA
12760,Sylvia borin,Garden Warbler,Garden Warbler,Garden Warbler,Fauvette des jardins,NA,Curruca mosquitera,NA,Tuinfluiter,NA,hagesanger,NA
12770,Sylvia atricapilla,Eurasian Blackcap,Eurasian Blackcap,Eurasian Blackcap,Fauvette à tête noire,NA,Curruca capirotada,NA,Zwartkop,NA,munk,NA
12930,Phylloscopus trochiloides,Greenish Warbler,Greenish Warbler,Greenish Warbler,Pouillot verdâtre,NA,Mosquitero verdoso,NA,Grauwe Fitis,NA,østsanger,NA
12950,Phylloscopus borealis,Arctic Warbler,Arctic Warbler,Arctic Warbler,Pouillot boréal,NA,Mosquitero boreal,NA,Noordse boszanger,NA,lappsanger,NA
13001,Phylloscopus inornatus,Yellow-browed Warbler,Yellow-browed Warbler,Yellow-browed Warbler,Pouillot à grands sourcils,NA,Mosquitero bilistado,NA,Bladkoning,NA,gulbrynsanger,NA
13071,Phylloscopus bonelli,Western Bonelli's Warbler,Western Bonelli's Warbler,Western Bonelli's Warbler,Pouillot de Bonelli,NA,Mosquitero papialbo,NA,Bergfluiter ,NA,eikesanger,NA
13080,Phylloscopus sibilatrix,Wood Warbler,Wood Warbler,Wood Warbler,Pouillot siffleur,NA,Mosquitero silbador,NA,Fluiter,NA,bøksanger,NA
13118,Phylloscopus collybita,Common Chiffchaff,Common Chiffchaff,Common Chiffchaff,Pouillot véloce,NA,Mosquitero común,NA,Tjiftjaf,NA,gransanger,NA
13120,Phylloscopus trochilus,Willow Warbler,Willow Warbler,Willow Warbler,Pouillot fitis,NA,Mosquitero musical,NA,Fitis,NA,løvsanger,NA
13140,Regulus regulus,Goldcrest,Goldcrest,Goldcrest,Roitelet huppé,NA,Reyezuelo sencillo,NA,Goudhaan,NA,fuglekonge,NA
13150,Regulus ignicapilla,Common Firecrest,Common Firecrest,Common Firecrest,Roitelet triple-bandeau,NA,Reyezuelo listado,NA,Vuurgoudhaan,NA,rødtoppfuglekonge,NA
13354,Muscicapa striata,Spotted Flycatcher,Spotted Flycatcher,Spotted Flycatcher,Gobemouche gris,NA,Papamoscas gris,NA,Grauwe Vliegenvanger,NA,gråfluesnapper,NA
13430,Ficedula parva,Red-breasted Flycatcher,Red-breasted Flycatcher,Red-breasted Flycatcher,Gobemouche nain,NA,Papamoscas papirrojo,NA,Kleine Vliegenvanger,NA,dvergfluesnapper,NA
13480,Ficedula albicollis,Collared Flycatcher,Collared Flycatcher,Collared Flycatcher,Gobemouche à collier,NA,Papamoscas acollarado,NA,Withalsvliegenvanger ,NA,halsbåndfluesnapper,NA
13490,Ficedula hypoleuca,European Pied Flycatcher,European Pied Flycatcher,European Pied Flycatcher,Gobemouche noir,NA,Papamoscas cerrojillo,NA,Bonte Vliegenvanger,NA,svarthvit fluesnapper,NA
13640,Panurus biarmicus,Bearded Reedling,Bearded Reedling,Bearded Tit,Panure à moustaches,NA,Bigotudo,NA,Baardman,NA,skjeggmeis,NA
14370,Aegithalos caudatus,Long-tailed Tit,Long-tailed Tit,Long-tailed Tit,Orite à longue queue,NA,Mito común,NA,Staartmees,NA,stjertmeis,NA
14400,Poecile palustris,Marsh Tit,Marsh Tit,Marsh Tit,Mésange nonnette,NA,Carbonero palustre,NA,Glanskop,NA,løvmeis,NA
14420,Poecile montanus,Willow Tit,Willow Tit,Willow Tit,Mésange boréale,NA,Carbonero montano,NA,Matkop,NA,granmeis,NA
14480,Poecile cinctus,Grey-headed Chickadee,Gray-headed Chickadee,Siberian Tit,Mésange lapone,NA,Carbonero lapón,NA,Bruinkopmees,NA,lappmeis,NA
14540,Lophophanes cristatus,Crested Tit,Crested Tit,Crested Tit,Mésange huppée,NA,Herrerillo capuchino,NA,Kuifmees,NA,toppmeis,NA
14610,Periparus ater,Coal Tit,Coal Tit,Coal Tit,Mésange noire,NA,Carbonero garrapinos,NA,Zwarte Mees,NA,svartmeis,NA
14620,Cyanistes caeruleus,Eurasian Blue Tit,Eurasian Blue Tit,Eurasian Blue Tit,Mésange bleue,NA,Herrerillo común,NA,Pimpelmees,NA,blåmeis,NA
14640,Parus major,Great Tit,Great Tit,Great Tit,Mésange charbonnière,NA,Carbonero común,NA,Koolmees,NA,kjøttmeis,NA
14790,Sitta europaea,Eurasian Nuthatch,Eurasian Nuthatch,Eurasian Nuthatch,Sittelle torchepot,NA,Trepador azul,NA,Boomklever,NA,spettmeis,NA
14860,Certhia familiaris,Eurasian Treecreeper,Eurasian Treecreeper,Eurasian Treecreeper,Grimpereau des bois,NA,Agateador euroasiático,NA,Taigaboomkruiper spec.,Taigaboomkruiper,trekryper,NA
14870,Certhia brachydactyla,Short-toed Treecreeper,Short-toed Treecreeper,Short-toed Treecreeper,Grimpereau des jardins,NA,Agateador europeo,NA,Boomkruiper,NA,kortklotrekryper,NA
14900,Remiz pendulinus,Eurasian Penduline Tit,Eurasian Penduline-Tit,Eurasian Penduline Tit,Rémiz penduline,NA,Pájaro moscón europeo,NA,Buidelmees,NA,pungmeis,NA
15080,Oriolus oriolus,Eurasian Golden Oriole,Eurasian Golden Oriole,Eurasian Golden Oriole,Loriot d’Europe,NA,Oropéndola europea,NA,Wielewaal,NA,pirol,NA
15150,Lanius collurio,Red-backed Shrike,Red-backed Shrike,Red-backed Shrike,Pie-grièche écorcheur,NA,Alcaudón dorsirrojo,NA,Grauwe Klauwier,NA,tornskate,NA
15190,Lanius minor,Lesser Grey Shrike,Lesser Gray Shrike,Lesser Grey Shrike,Pie-grièche à poitrine rose,NA,Alcaudón chico,NA,Kleine Klapekster,NA,rosenvarsler,NA
15200,Lanius excubitor,Great Grey Shrike,Great Gray Shrike,Great Grey Shrike,Pie-grièche grise,NA,Alcaudón norteño,NA,Klapekster,NA,varsler,NA
15230,Lanius senator,Woodchat Shrike,Woodchat Shrike,Woodchat Shrike,Pie-grièche à tête rousse,NA,Alcaudón común,NA,Roodkopklauwier,NA,rødhodevarsler,NA
15390,Garrulus glandarius,Eurasian Jay,Eurasian Jay,Eurasian Jay,Geai des chênes,NA,Arrendajo euroasiático,NA,Gaai,NA,nøtteskrike,NA
15430,Perisoreus infaustus,Siberian Jay,Siberian Jay,Siberian Jay,Mésangeai imitateur,NA,Arrendajo siberiano,NA,Taigagaai ,NA,lavskrike,NA
15470,Cyanopica cooki,Iberian Magpie,Iberian Magpie,Iberian Magpie,Pie-bleue ibérique,NA,Rabilargo ibérico,NA,Blauwe Ekster,NA,blåskjære,NA
15490,Pica pica,Eurasian Magpie,Eurasian Magpie,Common Magpie,Pie bavarde,NA,Urraca común,NA,Ekster,NA,skjære,NA
15570,Nucifraga caryocatactes,Northern Nutcracker,Northern Nutcracker,Spotted Nutcracker,Cassenoix moucheté,NA,Cascanueces norteño,Cascanueces Común,Notenkraker ,NA,nøttekråke,NA
15590,Pyrrhocorax pyrrhocorax,Red-billed Chough,Red-billed Chough,Red-billed Chough,Crave à bec rouge,NA,Chova piquirroja,NA,Alpenkraai ,NA,alpekråke,NA
15600,Coloeus monedula,Western Jackdaw,Eurasian Jackdaw,NA,Choucas des tours,NA,Grajilla occidental,NA,Kauw,NA,kaie,NA
15630,Corvus frugilegus,Rook,Rook,Rook,Corbeau freux,NA,Graja,NA,Roek,NA,kornkråke,NA
15671,Corvus corone,Carrion Crow,Carrion Crow,Carrion Crow,Corneille noire,NA,Corneja negra,NA,Zwarte Kraai,NA,svartkråke,NA
15673,Corvus cornix,Hooded Crow,Hooded Crow,Hooded Crow,Corneille mantelée,NA,Corneja Cenicienta,NA,Bonte Kraai,NA,kråke,NA
15720,Corvus corax,Northern Raven,Common Raven,Common Raven,Grand Corbeau,NA,Cuervo grande,NA,Raaf,NA,ravn,NA
15820,Sturnus vulgaris,Common Starling,European Starling,Common Starling,Étourneau sansonnet,NA,Estornino pinto,NA,Spreeuw,NA,stær,NA
15830,Sturnus unicolor,Spotless Starling,Spotless Starling,Spotless Starling,Étourneau unicolore,NA,Estornino negro,NA,Zwarte spreeuw,NA,middelhavsstær,NA
15910,Passer domesticus,House Sparrow,House Sparrow,House Sparrow,Moineau domestique,NA,Gorrión común,NA,Huismus,NA,gråspurv,NA
15980,Passer montanus,Eurasian Tree Sparrow,Eurasian Tree Sparrow,Eurasian Tree Sparrow,Moineau friquet,NA,Gorrión molinero,NA,Ringmus,NA,pilfink,NA
16040,Petronia petronia,Rock Sparrow,Rock Sparrow,Rock Sparrow,Moineau soulcie,NA,Gorrión chillón,NA,Rotsmus ,NA,steinspurv,NA
16360,Fringilla coelebs,Eurasian Chaffinch,Common Chaffinch,Common Chaffinch,Pinson des arbres,NA,Pinzón vulgar,NA,Vink,NA,bokfink,NA
16380,Fringilla montifringilla,Brambling,Brambling,Brambling,Pinson du Nord,NA,Pinzón real,NA,Keep,NA,bjørkefink,NA
16400,Serinus serinus,European Serin,European Serin,European Serin,Serin cini,NA,Serín verdecillo,NA,Europese Kanarie,NA,gulirisk,NA
16490,Chloris chloris,European Greenfinch,European Greenfinch,European Greenfinch,Verdier d’Europe,NA,Verderón común,NA,Groenling,NA,grønnfink,NA
16530,Carduelis carduelis,European Goldfinch,European Goldfinch,European Goldfinch,Chardonneret élégant,NA,Jilguero europeo,NA,Putter,NA,stillits,NA
16540,Spinus spinus,Eurasian Siskin,Eurasian Siskin,Eurasian Siskin,Tarin des aulnes,NA,Jilguero lúgano,NA,Sijs,NA,grønnsisik,NA
16600,Linaria cannabina,Common Linnet,Eurasian Linnet,Common Linnet,Linotte mélodieuse,NA,Pardillo común,NA,Kneu,NA,tornirisk,NA
16620,Linaria flavirostris,Twite,Twite,Twite,Linotte à bec jaune,NA,Pardillo piquigualdo,NA,Frater,NA,bergirisk,NA
16634,Acanthis flammea cabaret,NA,NA,NA,NA,NA,NA,NA,Kleine Barmsijs,NA,NA,NA
16635,Acanthis flammea,Redpoll,Redpoll,Common Redpoll,Sizerin flammé,NA,Pardillo norteño,NA,Barmsijs,Grote Barmsijs,gråsisik,NA
16650,Loxia leucoptera,Two-barred Crossbill,White-winged Crossbill,Two-barred Crossbill,Bec-croisé bifascié,NA,Piquituerto aliblanco,NA,Witbandkruisbek ,NA,båndkorsnebb,NA
16660,Loxia curvirostra,Red Crossbill,Red Crossbill,Common Crossbill,Bec-croisé des sapins,NA,Piquituerto común,NA,Kruisbek,NA,grankorsnebb,NA
16680,Loxia pytyopsittacus,Parrot Crossbill,Parrot Crossbill,Parrot Crossbill,Bec-croisé perroquet,NA,Piquituerto lorito,NA,Grote Kruisbek,NA,furukorsnebb,NA
16790,Carpodacus erythrinus,Common Rosefinch,Common Rosefinch,Common Rosefinch,Roselin cramoisi,NA,Camachuelo carminoso,NA,Roodmus,NA,rosenfink,NA
16990,Pinicola enucleator,Pine Grosbeak,Pine Grosbeak,Pine Grosbeak,Durbec des sapins,NA,Camachuelo picogrueso,NA,Haakbek,NA,konglebit,NA
17100,Pyrrhula pyrrhula,Eurasian Bullfinch,Eurasian Bullfinch,Eurasian Bullfinch,Bouvreuil pivoine,NA,Camachuelo común,NA,Goudvink,NA,dompap,NA
17170,Coccothraustes coccothraustes,Hawfinch,Hawfinch,Hawfinch,Gros-bec casse-noyaux,NA,Picogordo común,NA,Appelvink,NA,kjernebiter,NA
18470,Calcarius lapponicus,Lapland Longspur,Lapland Longspur,Lapland Bunting,Plectrophane lapon,NA,Escribano lapón,NA,Ijsgors,NA,lappspurv,NA
18500,Plectrophenax nivalis,Snow Bunting,Snow Bunting,Snow Bunting,Plectrophane des neiges,NA,Escribano nival,NA,Sneeuwgors,NA,snøspurv,NA
18570,Emberiza citrinella,Yellowhammer,Yellowhammer,Yellowhammer,Bruant jaune,NA,Escribano cerillo,NA,Geelgors,NA,gulspurv,NA
18580,Emberiza cirlus,Cirl Bunting,Cirl Bunting,Cirl Bunting,Bruant zizi,NA,Escribano soteño,NA,Cirlgors ,NA,hekkspurv,NA
18600,Emberiza cia,Rock Bunting,Rock Bunting,Rock Bunting,Bruant fou,NA,Escribano montesino,NA,Grijze gors,NA,klippespurv,NA
18660,Emberiza hortulana,Ortolan Bunting,Ortolan Bunting,Ortolan Bunting,Bruant ortolan,NA,Escribano hortelano,NA,Ortolaan,NA,hortulan,NA
18730,Emberiza rustica,Rustic Bunting,Rustic Bunting,Rustic Bunting,Bruant rustique,NA,Escribano rústico,NA,Bosgors ,NA,vierspurv,NA
18740,Emberiza pusilla,Little Bunting,Little Bunting,Little Bunting,Bruant nain,NA,Escribano pigmeo,NA,Dwerggors ,NA,dvergspurv,NA
18760,Emberiza aureola,Yellow-breasted Bunting,Yellow-breasted Bunting,Yellow-breasted Bunting,Bruant auréole,NA,Escribano aureolado,NA,Wilgengors ,NA,sibirspurv,NA
18770,Emberiza schoeniclus,Common Reed Bunting,Reed Bunting,Common Reed Bunting,Bruant des roseaux,NA,Escribano palustre,NA,Rietgors,NA,sivspurv,NA
18810,Emberiza melanocephala,Black-headed Bunting,Black-headed Bunting,Black-headed Bunting,Bruant mélanocéphale,NA,Escribano cabecinegro,NA,Zwartkopgors ,NA,svarthodespurv,NA
18820,Emberiza calandra,Corn Bunting,Corn Bunting,Corn Bunting,Bruant proyer,NA,Escribano triguero,NA,Grauwe Gors,NA,kornspurv,NA
36380,Larus argentatus,European Herring Gull,European Herring Gull,Herring Gull,Goéland argenté,NA,Gaviota argéntea europea,Gaviota Argéntea,Zilvermeeuw,NA,gråmåke,NA